ArticleTitle,Question,Answer,question_keyword,rule_label,manually_label,Correctly_labelled
Abraham_Lincoln,How many long was Lincoln's formal education?,18 months,how,Objective,Objective,1
Abraham_Lincoln,When did Lincoln begin his political career?,1832,when,Objective,Objective,1
Abraham_Lincoln,What did The Legal Tender Act of 1862 establish?,"the United States Note, the first paper currency in United States history",what,Objective,Objective,1
Abraham_Lincoln,Who suggested Lincoln grow a beard?,11-year-old Grace Bedell,who,Objective,Objective,1
Abraham_Lincoln,When did the Gettysburg address argue that America was born?,1776,when,Objective,Objective,1
Abraham_Lincoln,Which county was Lincoln born in?,Hardin County,which,Objective,Objective,1
Abraham_Lincoln,When did Lincoln first serve as President?,"March 4, 1861",when,Objective,Objective,1
Abraham_Lincoln,Who assassinated Lincoln?,John Wilkes Booth,who,Objective,Objective,1
Abraham_Lincoln,Who was the general in charge at the Battle of Antietam?,General McClellan,who,Objective,Objective,1
Abraham_Lincoln,Why did Lincoln issue the Emancipation Proclamation?,To free slaves,why,Descriptive,Descriptive,1
Abraham_Lincoln,How old was Lincoln in 1816?,,how,Objective,Objective,1
Abraham_Lincoln,When was the first photgraph of lincoln taken?,,when,Objective,Objective,1
Abraham_Lincoln,How long was Lincoln's legal Career?,,how,Objective,Objective,1
Abraham_Lincoln,What trail did Lincoln use a Farmers' Almanac in?,,what,Objective,Objective,1
Alessandro_Volta,Volta became professor of physics in the Como high school in what year?,,what,Objective,Objective,1
Alessandro_Volta,What ac phaenomenis inde pendentibus?,,what,Objective,Objective,1
Alessandro_Volta,What may be called Volta's Law of the electrochemical series?,,what,Objective,Objective,1
Alessandro_Volta,When did he become professor?,,when,Objective,Objective,1
Alessandro_Volta,What did Alessandro Volta publish in 1800?,,what,Objective,Objective,1
Alessandro_Volta,What happened with $ its invention?,,what,Objective,Descriptive,0
Alessandro_Volta,What happened in 1800?,,what,Objective,Descriptive,0
Amedeo_Avogadro,What was an Italian savant?,,what,Objective,Objective,1
Amedeo_Avogadro,Who is most noted for his contributions to the theory of molarity and molecular weight?,Amedeo Avogadro,who,Objective,Objective,1
Amedeo_Avogadro,Who graduated in ecclesiastical law at the early age of 20 and began to practice?,Amedeo Avogadro,who,Objective,Objective,1
Amedeo_Avogadro,When did he publish another memoria?,1821,when,Objective,Objective,1
Amedeo_Avogadro,When did he become a professor?,1820,when,Objective,Objective,1
Amedeo_Avogadro,"Who confirm that he sponsored and helped some Sardinian plotters who were organising a revolution in that island , stopped at the very last moment by the concession of Charles Albert 's statute ?",,who,Objective,Objective,1
Amedeo_Avogadro,What happened in french?,,what,Objective,Descriptive,0
Amedeo_Avogadro,What happened in 1833?,Avogadro had been recalled to Turin university,what,Objective,Descriptive,0
Anders_Celsius,Who determined the dependence of the boiling of water with atmospheric pressure?,Anders Celsius,who,Objective,Objective,1
Anders_Celsius,What is named after him?,The Celsius crater on the Moon,what,Objective,Objective,1
Anders_Celsius,When did he publish a collection?,1733,when,Objective,Objective,1
Anders_Celsius,Who was the first to perform and publish careful experiments aiming at the definition of an international temperature scale on scientific grounds ?,Anders Celsius,who,Objective,Objective,1
Anders_Celsius,What happened from 1730 to 1744?,He was professor of astronomy at Uppsala University,what,Objective,Descriptive,0
Anders_Celsius,What happened in 1745?,The scale was reversed,what,Objective,Descriptive,0
beetle,What are the three sections of a beetle?,"the head, the thorax, and the abdomen",what,Objective,Objective,1
beetle,Which defense mechanism uses colour or shape to deceive potential enemies?,mimicry,which,Objective,Objective,1
beetle,Which type of beetle is a pest of potato plants?,Colorado potato beetle,which,Objective,Objective,1
beetle,How can beetle larvae be differentiated from other insect larvae?,"their hardened, often darkened head, the presence of chewing mouthparts, and spiracles along the sides of the body",how,Descriptive,Descriptive,1
beetle,What do beetles eat?,"Some are generalists, eating both plants and animals. Other beetles are highly specialised in their diet.",what,Objective,Objective,1
beetle,What are the similarities between beetles and grasshoppers?,mouthparts,what,Objective,Descriptive,0
beetle,How many species of beetles are there?,"3,50,000",how,Objective,Objective,1
beetle,When are sperm cells transferred to the female?,during pairing,when,Objective,Objective,1
beetle,What is the study of beetles called?,coleopterology,what,Objective,Objective,1
beetle,What are prey of various animals including birds and mammals?,Beetles.,what,Objective,Objective,1
beetle,What was given by Aristotle for the hardened shield like forewings?,"The name ""Coleoptera"".",what,Objective,Objective,1
beetle,Who or what vary greatly in form within the coleoptera?,Antennae.,who,Objective,Objective,1
beetle,What happened on plants and fungi?,They are food to beetles.,what,Objective,Descriptive,0
Calvin_Coolidge,When did he drop John from his name?,upon graduating from college,when,Objective,Objective,1
Calvin_Coolidge,When did Coolidge meet and marry Grace Anna Goodhue?,1905,when,Objective,Objective,1
Calvin_Coolidge,What period of rapid economic growth did the United States experience during Coolidge's presidency?,the Roaring Twenties,what,Objective,Objective,1
Calvin_Coolidge,What did Coolidge do after graduating from Amherst?,"Coolidge moved to Northampton, MassachuS08_setts",what,Objective,Descriptive,0
Calvin_Coolidge,Of what state was Coolidge governor?,MassachuS08_setts,what,Objective,Objective,1
Calvin_Coolidge,Who appointed Harlan Fiske Stone to the Supreme Court?,Coolidge,who,Objective,Objective,1
Calvin_Coolidge,When was Coolidge born?,July 4 1872,when,Objective,Objective,1
Calvin_Coolidge,Where did Coolidge's grandfather had government offices?,Plymouth,where,Objective,Objective,1
Calvin_Coolidge,Which state were Coolidge born in?,"Plymouth, Windsor County, Vermont",which,Objective,Objective,1
Calvin_Coolidge,What caused Calvin Jr.'s death?,heart attack,what,Objective,Descriptive,0
Calvin_Coolidge,What year did Coolidge open his own law office?,1898,what,Objective,Objective,1
Calvin_Coolidge,What fraternity was Coolidge a member of?,Phi Gamma Delta,what,Objective,Objective,1
Calvin_Coolidge,Why did Coolidge not attend law school?,It was too expensive,why,Descriptive,Descriptive,1
Calvin_Coolidge,What years were Coolidge's two sons born in?,1906 and 1908,what,Objective,Objective,1
Calvin_Coolidge,What thrust him into the national spotlight?,,what,Objective,Objective,1
Calvin_Coolidge,What to be born on the fourth of July?,,what,Objective,Objective,1
Calvin_Coolidge,Who was the elder of two children of John Calvin Sr and Victoria Coolidge?,,who,Objective,Objective,1
Calvin_Coolidge,Who or what placed as high as sixth in the voting?,,who,Objective,Objective,1
Calvin_Coolidge,What do well - received and he have in common?,,what,Objective,Objective,1
Calvin_Coolidge,What did Coolidge address in 1924?,,what,Objective,Objective,1
Calvin_Coolidge,What emigrated from Cambridge?,,what,Objective,Objective,1
Calvin_Coolidge,What graduated from Black?,,what,Objective,Objective,1
Calvin_Coolidge,What Retrieved on May?,,what,Objective,Objective,1
Calvin_Coolidge,When was Coolidge born?,,when,Objective,Objective,1
Calvin_Coolidge,What happened from tuberculosis?,,what,Objective,Descriptive,0
Calvin_Coolidge,"What happened from black river academy , vermont?",,what,Objective,Descriptive,0
Canada,What is one significant non-official language?,Chinese.,what,Objective,Objective,1
Canada,"In addition to Port Royal, where else did Samuel de Champlain establish a S08_settlement?",Quebec City,where,Objective,Objective,1
Canada,What was the Consitution Act formerly called?,The British North America Act.,what,Objective,Objective,1
Canada,Which countries established colonies in Canada?,France and Britain.,which,Objective,Objective,1
Canada,How has Canada helped UN peacekeeping efforts?,"During the Suez Crisis of 1956, Lester B. Pearson eased tensions by proposing the inception of the United Nations Peacekeeping Force. Canada has since served in 50 peacekeeping missions, including every UN peacekeeping effort until 1989",how,Descriptive,Descriptive,1
Canada,What percentage of the population don't speak English or French at home?,28%,what,Objective,Objective,1
Canada,How many provinces and territories does Canada have?,A federation now comprising ten provinces and three territories,how,Objective,Objective,1
Canada,What is Canada's national unemployment rate?,"While as of October 2007, Canada's national unemployment rate of 5.9% is its lowest in 33 years. Provincial unemployment rates vary from a low of 3.6% in Alberta to a high of 14.6% in Newfoundland and Labrador. ",what,Objective,Descriptive,0
Canada,Where is the most densely populated part of Canada?,The most densely populated part of the country is the Quebec City-Windsor Corridor along the Great Lakes and Saint Lawrence River in the southeast.,where,Objective,Objective,1
Canada,What is the largest country in the world?,"Canada is the second largest country in the world, after Russia, and largest on the continent.",what,Objective,Objective,1
Canada,What is the largest religious group in Canada?,"According to 2001 census, 77.1% of Canadians identified as being Christians; of this, Catholics make up the largest group (43.6% of Canadians). The largest Protestant denomination is the United Church of Canada; about 16.5% of Canadians declare no religious affiliation, and the remaining 6.3% were affiliated with religions other than Christianity, of which the largest is Islam numbering 1.9%, followed by Judaism: 1.1%. ",what,Objective,Descriptive,0
Canada,When did Canada have one of the largest armed forces in the world?,1944,when,Objective,Objective,1
Canada,What have been inhabited for millennia by aboriginal peoples?,The lands,what,Objective,Objective,1
Canada,European books and maps began referring to this region as Canada in what year?,1545,what,Objective,Objective,1
Canada,What was Canada's most important industry until the 1800s?,The fur trade,what,Objective,Objective,1
Canada,How do cuba and declining participation relate?,Canada maintains full relations with both.,how,Descriptive,Descriptive,1
Canada,What did Canada adopt in 1965?,The Maple Leaf Flag,what,Objective,Objective,1
Canada,What arrived in Britain?,The first Canadian Army units in WW II,what,Objective,Objective,1
Canada,What happened in 1867?,"Canada was formed as a federal, semi-autonomous polity",what,Objective,Descriptive,0
duck,What is the name of a specialized species of duck adapted to catch large fish?,the smew,what,Objective,Objective,1
duck,What animal attracts the most humor and silliness?,The duck,what,Objective,Objective,1
duck,What is an economic use of a duck?,Meat,what,Objective,Objective,1
duck,Who is Daffy Duck?,A silly cartoon character,who,Objective,Objective,1
duck,What makes it more difficult for a diving duck to fly?,They are heavier,what,Objective,Descriptive,0
duck,What are the reasons for hunting wild ducks?,"Meat, eggs, and feathers",what,Objective,Descriptive,0
duck,What economic uses to ducks have?,"They are farmed for their meat, eggs and feathers. They are also kept and bred by aviculturists and often displayed in zoos.",what,Objective,Descriptive,0
duck,What kind of ducks feed on land?,Dabbling ducks,what,Objective,Objective,1
duck,What unrelated water birds are ducks sometimes confused with?,"loons or divers, grebes, gallinules, and coots",what,Objective,Objective,1
duck,What does the word duck mean?,It is the common name for a number of species in the Anatidae family of birds.,what,Objective,Descriptive,0
duck,What are some common predators of ducks?,"Pike, crocodilians, herons, hawks and eagles.",what,Objective,Objective,1
duck,How does a Mallard's tongue work?,"It's tongue is a flat plate, and on the tongue's back end is a short liftable flap with about 18 short spikes for pushing struggling prey and other food down its throat",how,Objective,Descriptive,0
duck,What types of unrelated water birds with similar forms are ducks sometimes confused with?,"loons or divers, grebes, gallinules, and coots",what,Objective,Objective,1
duck,Why are ducklings particularly vulnerable?,Their inability to fly.,why,Descriptive,Descriptive,1
duck,What are some economic uses for duck?,"Meat,eggs,feathers",what,Objective,Objective,1
duck,What allows a duck to filter water out of the side of their beaks and keep food inside?,Tiny rows of plates called lamellae,what,Objective,Objective,1
duck,What expression is part of a conceptual framework for testing computer systems?,Quacks like a duck,what,Objective,Objective,1
duck,"Where did the expression ""a sitting duck"" come from?","In many areas, wild duckof various species (including ducks farmed and released into the wild) are hunted for food or sport, by shooting, or formerly by decoys.",where,Objective,Objective,1
Egypt,When was the Six Day War?,1967,when,Objective,Objective,1
Egypt,What religions has Egypt outlawed?,"All but Christianity, Islam, and Judaism",what,Objective,Objective,1
Egypt,What is the poulation of Egypt?,more than 78 million,what,Objective,Objective,1
Egypt,Why does most of Egypt's population live near the Nile?,"the only arable agricultural land is found there,",why,Descriptive,Descriptive,1
Egypt,During what period was Akhenaten a Pharaoh?,The New Kingdom (c.1550&#8722;1070 BC),what,Objective,Objective,1
Egypt,Since when has Egypt been a republic?,June 18 1953.,when,Objective,Objective,1
Egypt,When were the Great Sphinx and the Pyramids of Giza built?,During the Old Kingdom.,when,Objective,Objective,1
Egypt,What countries border Egypt?,"Libya, Sudan, the Gaza Strip and Israel.",what,Objective,Objective,1
Egypt,What is the estimated population of Egypt?,More than 78 million.,what,Objective,Objective,1
Egypt,When did organized agriculture appear in the Nile Valley?,6000 BC.,when,Objective,Objective,1
elephant,How many living species of African Elephants are there?,2,how,Objective,Objective,1
elephant,How long may elephants live?,70 years,how,Descriptive,Objective,0
elephant,Why does the phrase 'elephants never forget' have no metaphorical meaning?,it refers literally to elephants supposedly having an excellent memory,why,Descriptive,Descriptive,1
elephant,How many living species of Asian Elephants are there?,1,how,Objective,Objective,1
elephant,How much do elephants weight at birth?,120 kilograms,how,Descriptive,Objective,0
elephant,What did Aristotle say about elephants?,the beast which pasS08_seth all others in wit and mind,what,Objective,Descriptive,0
elephant,How do elephants communicate over long distances?,by producing and receiving low frequency sound,how,Descriptive,Descriptive,1
elephant,When do African elephants lie down?,when they are sick or wounded,when,Objective,Objective,1
elephant,How long is the elephant's gestation period?,22 months,how,Objective,Objective,1
elephant,How many species of African elephants have been proposed?,three,how,Descriptive,Objective,0
elephant,What are the elephant's ears important for?,temperature regulation,what,Objective,Descriptive,0
elephant,What land animal has the largest brain?,elephant,what,Objective,Objective,1
elephant,What is the world population of Asian elephants?,60000,what,Objective,Objective,1
elephant,What part of an elephant is very important for temperature regulation?,Ears,what,Objective,Objective,1
elephant,Where was the largest elephant ever recorded shot?,Angola,where,Objective,Objective,1
elephant,What land animal is larger than an elephant?,None,what,Objective,Objective,1
Finland,Which Russian army general conquered Finland in 1809?,Alexander I,which,Objective,Objective,1
Finland,What is the life expectancy for men in Finland?,75 years,what,Objective,Objective,1
Finland,"In what year were the ""Games of the XV Olympiad"" held?",1952,what,Objective,Objective,1
Finland,What body of water lies to the south of Finland?,the Gulf of Finland,what,Objective,Objective,1
Finland,What is the life expectancy for men?,75 years,what,Objective,Objective,1
Finland,What is the biggest city in Finland?,Greater Helsinki,what,Objective,Objective,1
Finland,Who is the most popular rock group in Finland?,CMX,who,Objective,Objective,1
Finland,What is Finland's economy like?,"a highly industrialised, free-market economy",what,Objective,Objective,1
Finland,Where is Finland located?,Northern Europe,where,Objective,Objective,1
Finland,What is the weather like in summer?,relatively warm,what,Objective,Objective,1
Finland,When did the first verifiable written documents appear?,Twelfth Century,when,Objective,Objective,1
Finland,What is the capital city?,Helsinki,what,Objective,Objective,1
Finland,What is the most extensively celebrated holiday?,Christmas,what,Objective,Objective,1
Finland,What is a country with which Finland is involved in an international conflict?,None,which,Objective,Objective,1
Finland,What is Helsinki?,,what,Objective,Descriptive,0
Finland,What is concentrated in the southern part of the country?,,what,Objective,Descriptive,0
Finland,What is spoken natively by a 5.5 percent minority?,,what,Objective,Objective,1
Finland,What do jari litmanen and sami hyypi_ have in common?,,what,Objective,Objective,1
Finland,What did Finland join in 1995?,,what,Objective,Objective,1
Finland,What situated in Northern?,,what,Objective,Objective,1
Finland,What arrived in Finland?,,what,Objective,Objective,1
Finland,What ceded by Finland?,,what,Objective,Objective,1
Finland,"Who is the autonomous 棄___廟ﾎｾﾜﾎnd Islands , where Finnish is not compulsory due to Swedish being the sole official language of the province . ?",,who,Objective,Objective,1
Finland,Did the relationship between the Grand Duchy and the Russian Empire not sour when the Russian government made moves to restrict Finnish autonomy ?,,when,Objective,Objective,1
Finland,"Is finland , officially the republic of finland (`` `` republic of finland ('' '' , or (`` `` suomen tasavalta ('' '' in finnish and (`` `` republiken finland ('' '' in swedish , the long protocol name , which is not defined by the law?",,which,Objective,Objective,1
Gerald_Ford,For how long was Ford a member of the House of Representatives?,Over eight years.,how,Objective,Objective,1
Gerald_Ford,What positions Ford played in the school football team?,Center and linebacker,what,Objective,Objective,1
Gerald_Ford,What did Ford say about his biological father?,He was abusive and had a history of hitting his mother.,what,Objective,Descriptive,0
Gerald_Ford,Who did Ford nominate for Vice President?,Bob Dole,who,Objective,Objective,1
Gerald_Ford,What district was Ford elected from?,Michigan's 5th congressional district,what,Objective,Objective,1
Gerald_Ford,How many Eagle Scouts were involved in Ford's funeral procession?,400,how,Objective,Objective,1
Gerald_Ford,Which future Heisman Trophy winner did Ford tackle?,Jay Berwanger,which,Objective,Objective,1
Gerald_Ford,How do kwajalein and eniwetok relate?,The Monterey supported landings at both locations.,how,Descriptive,Descriptive,1
Gerald_Ford,"What did Ford receive on April 13, 1942?",Ford received a commission as ensign in the US Naval Reserve.,what,Objective,Objective,1
Ghana,When did Ghana achieve independence from the United Kingdom?,1957,when,Objective,Objective,1
Ghana,How many regions is Ghana divided into?,10,how,Objective,Objective,1
Ghana,Who is the head of state of Ghana?,President John Agyekum Kofuor,who,Objective,Objective,1
Ghana,What is the dominant religion in Ghana?,Christian,what,Objective,Objective,1
Ghana,What are the two subfamilies of the Native Ghanaian languages?,Kwa and Gur,what,Objective,Objective,1
Ghana,What is the weather like at Lake Volta?,Warm and comparatively dry,what,Objective,Objective,1
Ghana,What does the word Ghana mean?,warrior king,what,Objective,Descriptive,0
Ghana,Who was Kwame Nkrumah?,founder and first president,who,Objective,Objective,1
Ghana,Where is old Ghana in relation to present Ghana?,500 miles north,where,Objective,Objective,1
Ghana,Who makes up Ghana's Parliament?,the New Patriotic Party and National Democratic Congress,who,Objective,Objective,1
Ghana,What European countries established states in Ghana?,The UK,what,Objective,Objective,1
Ghana,What was Wagadugu?,,what,Objective,Descriptive,0
Ghana,"What was controlled by Sundiata in 1240 AD, and absorbed into the larger Mali Empire?",,what,Objective,Objective,1
Ghana,What connected the Akans to this Empire?,,what,Objective,Objective,1
Ghana,What did Ghana capture in 1642?,,what,Objective,Objective,1
Ghana,What was on March?,,what,Objective,Descriptive,0
Ghana,Who sits at Osu Castle ?,,who,Objective,Objective,1
Ghana,Had the tax regime which started in 1998 a single rate but since September 2007 entered into a multiple rate regime ?,,which,Objective,Objective,1
Ghana,What happened with the portuguese in the 15th century?,,what,Objective,Descriptive,0
Gray_Wolf,What kinds of coats do wolves have?,bulky coats with two layers,what,Objective,Objective,1
Gray_Wolf,Where do wolves have scent glands?,Helping the woldf to effectively navigate over large expanses while concurrently keeping others informed of its whereabouts.,where,Objective,Objective,1
Gray_Wolf,How much do wolves weigh?,typically varies between 32 and 62 kilograms,how,Descriptive,Objective,0
Gray_Wolf,Why do wolves howl?,"Howling helps pack members keep in touch, allowing them to communicate effectively in thickly forested areas or over great distances. Howling also helps to call pack members to a specific location. Howling can also serve as a declaration of territory, as shown in a dominant wolf&apos;s tendency to respond to a human imitation of a ""rival"" wolf in an area the wolf considers its own. ",why,Descriptive,Descriptive,1
Gray_Wolf,What is surplus killing?,Surplus killing is defined as the killing of several prey animals too numerous to eat at one sitting.,what,Objective,Descriptive,0
Gray_Wolf,Where is the largest gray wolf population thought to be found?,Kazakhstan,where,Objective,Objective,1
Gray_Wolf,To what genus does the gray wolf belong?,Canis,what,Objective,Objective,1
Gray_Wolf,When do wolves molt?,Late Spring or Early Summer,when,Objective,Objective,1
Gray_Wolf,Why is it beneficial for alpha males and females to forcefully prevent other wolves from mating?,A pack can only suppport one littler per year,why,Descriptive,Descriptive,1
Gray_Wolf,What type of tools do biologists use to capture wolves for tagging?,Darting and Foot hold traps.,what,Objective,Objective,1
Gray_Wolf,"Forward, erect ears and slightly bristle hackles are a sign of what in wolves?",Dominance,what,Objective,Descriptive,0
Grover_Cleveland,Where was Grover Cleveland married?,In the White House,where,Objective,Objective,1
Grover_Cleveland,What did Cleveland die from?,A heart attack,what,Objective,Objective,1
Grover_Cleveland,How many years after Cleveland left office did the U.S. win the Spanish-American War?,One Year,how,Descriptive,Objective,0
Grover_Cleveland,What did Cleveland's opponents say in 1884 to counter his innocent image?,That he had fathered an illegitimate child,what,Objective,Descriptive,0
Grover_Cleveland,Who did Cleveland run against in 1884?,former Senator James G. Blaine of Maine,who,Objective,Objective,1
Grover_Cleveland,Why did Cleveland want to hide his cancer surgery from the public?,To avoid further market panic,why,Descriptive,Descriptive,1
Grover_Cleveland,"When was he elected sheriff of Erire County, New York?",Yes.,when,Objective,Objective,1
Grover_Cleveland,When did he die?,June 24 1908,when,Objective,Objective,1
Grover_Cleveland,Which election did Grover Cleveland win?,1884 and 1892 presidential elections,which,Objective,Objective,1
Grover_Cleveland,Who were Grover Cleveland's parents?,"Cleveland was born in Caldwell, New Jersey to the Reverend Richard Cleveland and Anne Neal.",who,Objective,Objective,1
Grover_Cleveland,How many children did Grover Cleveland have?,5,how,Descriptive,Objective,0
Grover_Cleveland,Who lost control of his party to the agrarians and silverites in 1896?,Grover Cleveland,who,Objective,Objective,1
Henri_Becquerel,He became chief engineer in the Department of Bridges and Highways in what year?,in 1894,what,Objective,Objective,1
Henri_Becquerel,What led Becquerel to investigate the spontaneous emission of nuclear radiation?,phographic plates being fully exposed,what,Objective,Descriptive,0
Henri_Becquerel,When did he marry louise d_sir_e lorieux?,1890,when,Objective,Objective,1
Henri_Becquerel,Who won the 1903 Nobel Prize in Physics for discovering radioactivity ?,Henri Becquerel,who,Objective,Objective,1
Henri_Becquerel,What happened in 1896?,Becquerel accidentally discovered radioactivity.,what,Objective,Descriptive,0
Henri_Becquerel,What happened with a bromide emulsion in two sheets of very thick black paper?,the plate does not become clouded upon being exposed to the sun for a day,what,Objective,Descriptive,0
Indonesia,In what year did East Timor secede from Indonesia?,1999,what,Objective,Objective,1
Indonesia,When did Islam become the dominant religion in Java and Sumatra?,the end of the 16th century,when,Objective,Objective,1
Indonesia,Why did Indonesia break off relations with the People's Republic of China?,because of anti-communist purges early in the Suharto era,why,Descriptive,Descriptive,1
Indonesia,Which spice originally attracted Europeans to Indonesia?,"nutmeg, cloves, or cubeb pepper",which,Objective,Objective,1
Indonesia,What is Jakarta?,Indonesia's special capital region,what,Objective,Descriptive,0
Indonesia,"What shares land borders with Papua New Guinea, East Timor and Malaysia?",Indonesia,what,Objective,Objective,1
Indonesia,What are the largest and politically dominant ethnic group?,the Javanese,what,Objective,Objective,1
Indonesia,What happens when the srivijaya kingdom formed trade links?,The indonesian archipelago became an important trade region,when,Objective,Descriptive,0
Indonesia,Who has its own political legislature and governor ?,each province,who,Objective,Objective,1
Isaac_Newton,What Eves?,,what,Objective,Descriptive,0
Isaac_Newton,What are a rumors that he remained a virgin?,,what,Objective,Descriptive,0
Isaac_Newton,"Who was, by later reports of his contemporaries, thoroughly unhappy with the work?",,who,Objective,Objective,1
Isaac_Newton,"What did Isaac Newton place at 3 April, AD 33, which agrees with one traditionally accepted date?",,which,Objective,Objective,1
Isaac_Newton,What died in London?,,what,Objective,Objective,1
Isaac_Newton,What was against William?,,what,Objective,Objective,1
Isaac_Newton,What quartered on March?,,what,Objective,Objective,1
Isaac_Newton,"Are Various trees claimed to be "" the "" apple tree which Newton describes ?",,which,Objective,Objective,1
Isaac_Newton,Was this study cast into doubt when it was later found that Newton himself wrote the study 's concluding remarks on Leibniz ?,,when,Objective,Objective,1
Isaac_Newton,What happened at the time of newton 's birth?,,what,Objective,Descriptive,0
Isaac_Newton,What happened from school?,,what,Objective,Descriptive,0
Isaac_Newton,What happened on those of aristotle?,,what,Objective,Descriptive,0
James_Monroe,What is the first word on the page?,James,what,Objective,Objective,1
James_Monroe,What is the first number on the page?,28,what,Objective,Objective,1
James_Monroe,When did Monroe's presidency expired?,"March 4, 1825",when,Objective,Objective,1
James_Monroe,What is Monroe's father's name?,Spence,what,Objective,Objective,1
James_Monroe,What is Monroe's daughter's name?,Maria Hester Monroe Gouverneur,what,Objective,Objective,1
James_Monroe,"What does ""Era of Good Feelings"" refers to?",Reduced tension,what,Objective,Descriptive,0
James_Monroe,What is Monroe Doctrine?,A doctrine declaring U.S. opposition to European interference in the Americas.,what,Objective,Descriptive,0
James_Monroe,Where was James Monroe born?,"Westmoreland County, Virginia",where,Objective,Objective,1
James_Monroe,Where was James Monroe shot?,"at the Battle of Trenton, in his left shoulder",where,Objective,Objective,1
James_Monroe,Who did James Monroe marry?,Elizabeth Kortright,who,Objective,Objective,1
James_Monroe,What did James Monroe do before being elected governor?,He practiced law in Virginia.,what,Objective,Descriptive,0
James_Monroe,In which years were John Monroe elected as President?,1817-1825,which,Objective,Objective,1
James_Monroe,Who was John Monroe standing behind in the painting of  Washington Crossing the Delaware?,George Washington,who,Objective,Objective,1
James_Monroe,When was James Monroe appointed to Secretary of War?,1814,when,Objective,Objective,1
James_Monroe,When did James Monroe die?,"July 4, 1831",when,Objective,Objective,1
James_Monroe,When did James Monroe graduate from William and Mary?,1776,when,Objective,Objective,1
James_Monroe,When was James Monroe elected president?,"Monroe was elected president in the election of 1816, and re-elected in 1820.",when,Objective,Objective,1
James_Monroe,Which property did James Monroe sell in 1817?,Monroe Hill on the grounds of the University of Virginia.,which,Objective,Objective,1
James_Monroe,When did James Monroe introduce the Monroe Doctrine?,"December 2, 1823",when,Objective,Objective,1
James_Monroe,Who did James Monroe live with in New York City?,His daughter Maria Hester Monroe Gouverneur,who,Objective,Objective,1
James_Monroe,What did James Monroe's letters not contain?,No letters survive in which he might have discussed his religious beliefs.,what,Objective,Descriptive,0
James_Monroe,What was the result of the rejection of the Jay Treaty?,"As a result, the two nations moved closer toward the War of 1812. ",what,Objective,Descriptive,0
James_Monroe,Who is depicted holding the flag in the famous painting of Washington Crossing the Delaware?,Monroe,who,Objective,Objective,1
James_Monroe,"What dwindled and eventually died out, starting with the Hartford Convention?",The Federalist Party,what,Objective,Objective,1
James_Monroe,What did James Monroe make in 1817?,two long tours,what,Objective,Objective,1
James_Monroe,What expired on March?,Monroe's presidency,what,Objective,Objective,1
James_Monroe,Who dismantled partisan and sectional coalitions ?,many congressmen,who,Objective,Objective,1
James_Monroe,What happened in 1811?,Monroe returned to the Virginia House of Delegates and was elected to another term as governor of Virginia,what,Objective,Descriptive,0
James_Monroe,What happened in the election of 1816?,Monroe was elected president,what,Objective,Descriptive,0
James_Watt,Who died in childbirth in 1772?,Margaret Miller,who,Objective,Objective,1
James_Watt,Who died in 1832?,Margaret Miller.,who,Objective,Objective,1
John_Adams,When did Adams graduate from college?,1755,when,Objective,Objective,1
John_Adams,Who was on the committee with Adams to draft  a Declaration of Independence?,"Thomas Jefferson, Benjamin Franklin, Robert R. Livingston and Roger Sherman.",who,Objective,Objective,1
John_Adams,What did Jefferson call John Adams?,"The ""Colossus of Independence"".",what,Objective,Objective,1
John_Adams,What was Adams' political party?,The Federalist Party.,what,Objective,Objective,1
John_Adams,When did John Adams serve as Vice President?,1789-1797,when,Objective,Objective,1
John_Adams,With what party did Adams run for presidency?,The Federalist Party,what,Objective,Objective,1
John_Adams,Where is Adams buried?,United First Parish Church,where,Objective,Objective,1
John_Adams,Who were the midnight judges?,"They were a series of judges, so called because most of them were formally appointed days before Adams' presidential term expired",who,Objective,Objective,1
John_Adams,In what ways was Adams opposed by Anderw Hamilton?,Hamilton wanted to control the army differently than Adams,what,Objective,Descriptive,0
John_Adams,What information did he record in his diary?,Descriptions of events and ompressions of men,what,Objective,Descriptive,0
John_Adams,Who was defeated for re-election in the`` Revolution of 1800'' by Thomas Jefferson?,John Adams,who,Objective,Objective,1
John_Adams,Who represented the Continental Congress in Europe?,John Adams,who,Objective,Objective,1
John_Adams,What is now part of Adams National Historical Park?,John Adams' birthplace,what,Objective,Objective,1
John_Adams,Who did MassachuS08_setts send in 1774?,John Adams,who,Objective,Objective,1
John_Adams,What happened in 1764?,Adams married Abigail Smith,what,Objective,Descriptive,0
kangaroo,What is a collective noun for kangaroos?,"mob, troop, or court",what,Objective,Objective,1
kangaroo,Where do joeys complete postnatal development?,marsupium,where,Objective,Objective,1
kangaroo,"What do kangaroos use for ""crawl-walking?""",its hind feet,what,Objective,Objective,1
kangaroo,Why do kangaroos have a wide bite?,The two sides of the lower jaw are not joined together and the lower incisors are farther apart.,why,Descriptive,Descriptive,1
kangaroo,What is responsible for converting the hydrogen byproduct of fermentation into acetate?,bacteria,what,Objective,Objective,1
kangaroo,What is the average life expectancy of a kangaroo?,4.6 years,what,Objective,Objective,1
kangaroo,When did the first official report of kangaroo blindness take place?,1994,when,Objective,Objective,1
kangaroo,What are vehicles that frequent isolated roads often fitted with?,roo bars,what,Objective,Objective,1
kangaroo,What are some extinct predators of the kangaroo?,"Thylacine, Marsupial Lion, Maagalania, and Wonambi",what,Objective,Objective,1
kangaroo,What method of locomotion do Kangaroos Use?,,what,Objective,Descriptive,0
kangaroo,What is a collective noun for a kangaroo?,,what,Objective,Objective,1
kangaroo,What is a roo?,,what,Objective,Descriptive,0
kangaroo,What is used to protect a vehicale from a Kangaroo?,,what,Objective,Descriptive,0
kangaroo,What method is used by Kangaroos to travel?,,what,Objective,Descriptive,0
kangaroo,Who asked a nearby local what the creatures were called?,Captain James Cook and naturalist Sir Joseph Banks,who,Objective,Objective,1
kangaroo,What are four species that are commonly referred to as kangaroos?,"The Red Kangaroo, The Eastern Grey Kangaroo, The Western Grey Kangaroo, and The Antilopine Kangaroo",what,Objective,Objective,1
kangaroo,Who also discovered that less than three percent of kangaroos exposed to the virus developed blindness ?,Veterinarians,who,Objective,Objective,1
kangaroo,What kinds of changes have larger kangaroos adapted much better to?,Changes wrought to the Australian landscape by humans.,what,Objective,Descriptive,0
leopard,What may a leopard be mistaken for?,A cheetah or a jaguar,what,Objective,Objective,1
leopard,What is a hybrid animal resulting from a union between a leopard and a puma?,a pumapard,what,Objective,Objective,1
leopard,Where do leopards often hide their kills?,in dense vegetation,where,Objective,Objective,1
leopard,How did early naturalists distinguish between leopards and panthers?,by the length of their tails,how,Descriptive,Descriptive,1
leopard,What are dark leopards known as colloquially?,Black Panthers,what,Objective,Objective,1
leopard,What shape are a leopard's black roS08_settes in East Africa?,circular,what,Objective,Objective,1
leopard,Where is the leopard distributed?,southern Eurasia and Africa,where,Objective,Objective,1
leopard,How long is a leopard's tail?,60 to 110cm,how,Objective,Objective,1
leopard,How much does a leopard weigh?,Males are considerably larger than females and weigh 37 to 90 kg compared to 28 to 60 kg for females.,how,Objective,Objective,1
leopard,What is the difference between leopards and cheetahs?,The leopard has roS08_settes rather than cheetah's simple spots and the leopard is larger and less lanky than the cheetah.,what,Objective,Descriptive,0
leopard,How does the distribution size of the leopard compare to the distribution of other wild cats?,"As of 1996, the leopard had the largest distribution of any wild cat, although populations before and since have shown a declining trend and are fragmented outside of subsaharan Africa.",how,Objective,Descriptive,0
leopard,What resembles that of the similarly-sized cougar in the Americas?,The leopard's ecological role,what,Objective,Descriptive,0
leopard,"What was one of the many species described in Linnaeus's 18th-century work, Systema Naturae?",Felis pardus,what,Objective,Objective,1
leopard,What sort of cats are solitary?,Leopards,what,Objective,Objective,1
leopard,What centred in Sierra?,The leopard men,what,Objective,Objective,1
leopard,Were the Leopard men a West African secret society who practised cannibalism ?,Yes,who,Objective,Objective,1
leopard,Was the leopard tank a German designed tank which entered service in 1965 ?,Yes,which,Objective,Objective,1
Liechtenstein,When was the first factory opened?,1836,when,Objective,Objective,1
Liechtenstein,How many municipalities is Liechtenstein divided into?,11,how,Objective,Objective,1
Liechtenstein,What is the national currency of Liechtenstein?,Swiss franc,what,Objective,Objective,1
Liechtenstein,What company administers Leichtenstein's railways?,Austrian Federal Railways,what,Objective,Objective,1
Liechtenstein,What percentage of Liechtenstein's population is foreign-born?,two-thirds,what,Objective,Objective,1
Liechtenstein,When was Liechtenstein's current constitution adopted?,October 1921.,when,Objective,Objective,1
Liechtenstein,What is the official language of Liechtenstein?,German.,what,Objective,Objective,1
Liechtenstein,What countries border Liechtenstein?,Switzerland and Austria.,what,Objective,Objective,1
Liechtenstein,What Roman province was Liechtenstein part of?,Raetia.,what,Objective,Objective,1
Liechtenstein,How many municipalities are within Oberland?,6,how,Objective,Objective,1
Liechtenstein,What is the smallest German-speaking country in the world?,Liechtenstein,what,Objective,Objective,1
Liechtenstein,"The Savings and Loans Bank was founded, as was the first cotton-weaving mill in what year?",1861,what,Objective,Objective,1
Liechtenstein,What enjoys one of the world's highest standards of living?,Liechtenstein's population,what,Objective,Objective,1
Liechtenstein,What do most recognizable international company and largest employer have in common?,They are Hilti.,what,Objective,Objective,1
Liechtenstein,What completed in November?,the Kunstmuseum Liechtenstein,what,Objective,Objective,1
Liechtenstein,"What happened in moravia , lower austria , silesia , and styria , though in all cases , these territories were held in fief under other more senior feudal lords?",The Liechtenstein Dynasty acquired vast swaths of land,what,Objective,Descriptive,0
Millard_Fillmore,Who got Seward elected to the senate?,Weed,who,Objective,Objective,1
Millard_Fillmore,Where was Commodore Matthew C. Perry sent to open Japan to Western trade?,Japan,where,Objective,Objective,1
Millard_Fillmore,What is The Remarkable Millard Fillmore?,A fake biography based on real events that happened in Fillmore's life.,what,Objective,Descriptive,0
Millard_Fillmore,How long after the death of his first wife did Fillmore marry Caroline McIntosh?,where is the death date of his first wife?,how,Descriptive,Objective,0
Millard_Fillmore,Where was Millard Fillmore born?,"in a log cabin in Summerhill, New York",where,Objective,Objective,1
Millard_Fillmore,Who did Millard Fillmore fall in love with?,He fell in love with Abigail Powers,who,Objective,Objective,1
Millard_Fillmore,What did Taylor and Fillmore disagree upon?,slavory issues,what,Objective,Descriptive,0
Millard_Fillmore,How did Fillmore ascend to the presidency?,"upon the death of the sitting president, Taylor",how,Descriptive,Descriptive,1
Millard_Fillmore,How did the supporters of Henry Clay feel about Fillmore in 1848?,they were ok with him,how,Descriptive,Descriptive,1
Millard_Fillmore,Who was first apprenticed to a fuller to learn the cloth-making trade?,millard fillmore,who,Objective,Objective,1
Millard_Fillmore,He founded the private university of buffalo on what date?,1846,what,Objective,Objective,1
Millard_Fillmore,Who or what fell in love with abigail powers?,millard fillmore,who,Objective,Objective,1
Millard_Fillmore,"What happened in a log cabin in summerhill , new york?",Fillmore was born,what,Objective,Descriptive,0
Nikola_Tesla,"Who was born precisely at midnight during an electrical storm , to a Serbian family in the village of Smiljan near Gospi_ , in the Lika region of the Croatian Krajina in Military Frontier ( part of the Austrian Empire ) , in the present-day Croatia . ?",Nikola Tesla,who,Objective,Objective,1
otter,How many species of otter are there?,13,how,Objective,Objective,1
otter,What do river otters eat?,"a variety of fish and shellfish, as well as small land mammals and birds",what,Objective,Objective,1
otter,How much do sea otters weigh?,30 kg (about 65 pounds),how,Descriptive,Objective,0
otter,How do sea otters insulate themselves?,a layer of air trapped in their fur(!),how,Descriptive,Descriptive,1
otter,Why are sea otters nearly extinct?,They've been hunted for their fur,why,Descriptive,Descriptive,1
otter,What is one of the challenges of re-establishing a population of Eurasian otters in the UK?,roadkill deaths,what,Objective,Objective,1
otter,How many species and genera does otter have?,13 species and 7 genera,how,Objective,Objective,1
otter,Where do sea otters live?,Sea otters (Enhydra lutris) live along the Pacific coast of North America.,where,Objective,Objective,1
otter,"Where does the word ""otter"" derive from?","The word ""otter"" derives from the Old English word otr, otor or oter. ",where,Objective,Objective,1
otter,What drives sea otter almost to extinction?,Humans hunted them almost to extinction.,what,Objective,Objective,1
otter,Why otters are considered as totem animals?,"The time of year associated with this is also associated with the Aquarius sign of the Zodiac, through which the sun passes January 20-February 19. ",why,Descriptive,Descriptive,1
otter,What is the primary item in an otter's diet?,Fish.,what,Objective,Objective,1
otter,What is an otter's den called?,Holt,what,Objective,Objective,1
otter,Why is the giant otter becoming increasingly rare?,"Poaching, habitat loss, and toxins in gold mining.  ",why,Descriptive,Descriptive,1
otter,How do otters keep themselves warm without blubber?,A layer of air trapped in their fur.,how,Descriptive,Descriptive,1
otter,How are otters playful animals?,"The slide down snowy slopes, apparently for sheer enjoyment.  ",how,Objective,Objective,1
otter,What animals are related to otters?,"weasels, polecats, and badgers",what,Objective,Objective,1
otter,"What traps a layer of air, and keeps them dry and warm under water?",Long guard hair,what,Objective,Objective,1
penguin,What is the largest living species of penguin?,Emperor Penguin,what,Objective,Objective,1
penguin,"What is ""tobogganing""?",when penguins slide on their bellies across the snow,what,Objective,Descriptive,0
penguin,Why are penguins countershaded?,for camouflage,why,Descriptive,Descriptive,1
penguin,How much time to penguins spend on land?,half of their life,how,Objective,Objective,1
penguin,How many species of penguins are there?,between 17 and 20 living species,how,Objective,Objective,1
penguin,How are Isabelline penguins different from most penguins?,they have brown rather than black plumage,how,Objective,Objective,1
penguin,What order do penguins belong to?,Sphenisciformes,what,Objective,Objective,1
penguin,How tall were the tallest prehistoric penguins?,1.80 meters,how,Objective,Objective,1
penguin,What makes penguins so agile in the water?,Their wings have become flippers,what,Objective,Descriptive,0
penguin,"Why do penguins ""tobaggan""?",It conserves energy while moving quickly,why,Descriptive,Descriptive,1
penguin,Who spend half of their life on land and half in the oceans?,Penguins,who,Objective,Objective,1
penguin,What is also the distance that Antarctic tourists are told to keep from penguins?,3 meters,what,Objective,Objective,1
penguin,"What have become flippers, useless for flight in the air?",Penguins' wings,what,Objective,Objective,1
penguin,What happens when mothers lose a chick?,"They sometimes attempt to ""steal"" another chick.",when,Objective,Objective,1
penguin,"Is the smallest penguin species the Little Blue Penguin -LRB- also known as the Fairy Penguin -RRB- , which stands around 40 cm tall -LRB- 16 in -RRB- and weighs 1 kg -LRB- 2.2 lb -RRB- ?",Yes,which,Objective,Objective,1
penguin,"Is the smallest penguin species the little blue penguin -LRB- also known as the fairy penguin -RRB- , which stands around 40 cm tall -LRB- 16 in -RRB- and weighs 1 kg -LRB- 2?",Yes,which,Objective,Objective,1
penguin,What happened in a region not quite 2000 km south of the equator 35 mya?,At least one giant penguin.,what,Objective,Descriptive,0
polar_bear,What is the last word on the page?,Connecticut,what,Objective,Objective,1
polar_bear,What is largest polar bear on record?,2200 lb,what,Objective,Objective,1
polar_bear,What is polar bear's skin color?,white or cream,what,Objective,Objective,1
polar_bear,How long is polar bear's guard hair?,5-15 cm,how,Objective,Objective,1
polar_bear,What is cause of polar bear's skin diseases?,mites or other parasites,what,Objective,Descriptive,0
polar_bear,Why polar bear is a special species?,"The World Conservation Union listed polar bears as a vulnerable species, one of three sub-categories of threatened status, in May 2006. Their latest estimate is that 7 out of 19 subpopulations are declining or already severely reduced.",why,Descriptive,Descriptive,1
polar_bear,What do fossil and DNA evidence tell us?,The polar bear diverged from the brown bear about 200 thousand years ago.,what,Objective,Descriptive,0
polar_bear,How heavy is a male polar bear?,300-600 kg (660-1320 lb),how,Objective,Objective,1
polar_bear,How heavy was the largest polar bear on record?,1002 kg (2200 lb),how,Objective,Objective,1
polar_bear,What does a polar bear's fur provide?,It provides the animal with effective camouflage.,what,Objective,Descriptive,0
polar_bear,How much weight do female polar bears gain during pregnancy?,They gain double their weight.,how,Descriptive,Objective,0
polar_bear,What is actually black in color?,A polar bear's skin.,what,Objective,Objective,1
polar_bear,What insulate it against the cold?,Its think blubber and fur.,what,Objective,Objective,1
polar_bear,What includes a lengthy justification of why this species is listed as vulnerable?,Database entry.,what,Objective,Objective,1
polar_bear,What do with greenpeace and the natural resources defense council have in common?,They filed lawsuits in California.,what,Objective,Objective,1
Qatar,When did Qatar become an independent state?,"September 3, 1971.",when,Objective,Objective,1
Qatar,Where is Qatar's telecommunication system centered?,Doha.,where,Objective,Objective,1
Qatar,Where did a suicide-bombing kill a teacher in 2005?,At the Doha Players Theatre.,where,Objective,Objective,1
Qatar,What is the Arabic word for municipalities?,baladiyah.,what,Objective,Objective,1
Qatar,What universities are in Education City?,"Carnegie Mellon University, Georgetown University School of Foreign Service, Texas A&M University, Virginia Commonwealth University, and Cornell University's Weill Medical College.",what,Objective,Descriptive,0
Qatar,What carried with it a tacit recognition of Qatar's status as distinct from Bahrain?,The British Protectorate (per Colonel Lewis Pelly) asking to negotiate with a representative from Qatar after Bahrain's violation of the 1820 Anglo-Bahraini Treaty.,what,Objective,Descriptive,0
Qatar,Qatar became an independent sovereign state in what year?,"On September 3, 1971.",what,Objective,Objective,1
Qatar,"What consists of a low, barren plain, covered with sand?",Much of the country.,what,Objective,Objective,1
Qatar,How do qatar and the wider region relate?,Qatar is aiming to become a role model for economic and social transformation in the region. Large scale investment in all social and economic sectors will also lead to the development of a strong financial market.,how,Descriptive,Descriptive,1
Qatar,What bordered by Saudi?,Qatar,what,Objective,Objective,1
Qatar,Who served as the headquarters and one of the main launching sites of the US invasion of Iraq in 2003 ?,Qatar.,who,Objective,Objective,1
Qatar,What happened in these positions in english?,These allophones cannot occur there.,what,Objective,Descriptive,0
Romania,How many counties is Romania divided into?,41,how,Objective,Objective,1
Romania,What is the highest mountain in Romania?,Moldoveanu Peak.,what,Objective,Objective,1
Romania,What is the official language of Romania?,Romanian.,what,Objective,Objective,1
Romania,How many territories joined to form Romania?,2,how,Objective,Objective,1
Romania,"Who was the first gymnast to score a perfect ""ten""?",Nadia Com_neci,who,Objective,Objective,1
Romania,What is the largest city in Romania?,Bucharest,what,Objective,Objective,1
Romania,What is the largest ethnic minority in Romania?,Hungarians,what,Objective,Objective,1
Romania,How many countries in Europe are bigger than Romania?,eleven,how,Objective,Objective,1
Romania,Why doesn't Romania have a state religion?,Romania is a secular state,why,Descriptive,Descriptive,1
Romania,Why wasn't Romania neutral during World War II?,it received a Soviet ultimatum,why,Descriptive,Descriptive,1
Romania,"Sibiu, a large city in Transylvania, was chosen as European Capital of Culture in what year?",2007,what,Objective,Objective,1
Romania,"What are approximately 42,000 years old and have been nicknamed`` John of Anina''?",the remains (the lower jaw) of the oldest modern human,what,Objective,Objective,1
Romania,What do economy and law have in common?,(not sure how to answer this),what,Objective,Objective,1
Romania,What did Tourism in Romania attract in 2005?,investments worth 400 million euros,what,Objective,Descriptive,0
Romania,Is Romania a semi-presidential democratic republic where executive functions are shared between the president and the prime minister ?,Yes,where,Objective,Objective,1
Singapore,How many people use the bus network daily?,More than 2.78 million people.,how,Objective,Objective,1
Singapore,Where did Orang Laut people live?,"Orang Laut people lived around the coast, rivers and smaller islands.",where,Objective,Objective,1
Singapore,What is the MRT?,One of three heavy rail passenger transport lines in Singapore.,what,Objective,Descriptive,0
Singapore,How is Singapore's climate characterized?,Singapore has a tropical rainforest climate with no distinctive seasons.,how,Objective,Descriptive,0
Singapore,How much increase in the media's contribution to GDP is the government seeking?,The government seeks to increase its GDP contribution to 3% by 2012.,how,Objective,Objective,1
Singapore,How many days did it take the Imperial Japanese Army to win the Battle of Singapore?,Six days,how,Descriptive,Objective,0
Singapore,"What does ""singa"" mean?",lion,what,Objective,Objective,1
Singapore,When is the first record of S08_settlement in Singapore?,second century AD,when,Objective,Objective,1
Singapore,Which nation invaded Singapore during World War II?,Japan,which,Objective,Objective,1
Singapore,"Why Churchill called the occupation of Singapor by Janpan during WWII ""Britain's greatest defeat""?",The British were defeated in six days,why,Descriptive,Descriptive,1
Singapore,When did Goh Chok Tong succeed Lee as Prime Minister?,"In 1990, Goh Chok Tong succeeded Lee as Prime Minister.",when,Objective,Objective,1
Singapore,What is the primary domestic source of water supply?,The primary domestic source of water supply in Singapore is rainfall.,what,Objective,Objective,1
Singapore,What is the national language of Singapore?,The national language of Singapore is Malay.,what,Objective,Objective,1
Singapore,Where is the National Orchid Garden?,Singapore Botanic Gardens.,where,Objective,Objective,1
Singapore,Why are relations with Malaysia and Indonesia important?,"Due to obvious geographical reasons, relations with Malaysia and Indonesia are most important.",why,Descriptive,Descriptive,1
Singapore,What is the most densely populated independent country in the world?,Monaco,what,Objective,Objective,1
Singapore,Who did Sir Thomas Stamford Raffles work for?,British East India Company,who,Objective,Objective,1
Singapore,When was Lee Kuan Yew prime minister of Singapore?,1959,when,Objective,Objective,1
Singapore,What is the punishment for first-degree murder?,There are laws which allow capital punishment in Singapore for first-degree murder and drug trafficking.,what,Objective,Descriptive,0
Singapore,What established a trading post on the island in 1819?,British East India Company,what,Objective,Objective,1
Singapore,What used Singapore as a strategic trading post along the spice route?,British,what,Objective,Objective,1
Singapore,What became one of the most important commercial and military centres of the British Empire?,Singapore,what,Objective,Objective,1
Singapore,"Who boasted a sizeable community of 100,000 by 1869?",British India office,who,Objective,Objective,1
Singapore,How do reservoirs and water relate?,"By 2001, there were 19 raw water reservoirs, 9 treatment works and 14 storage or service reservoirs locally to serve domestic needs. ",how,Descriptive,Descriptive,1
Theodore_Roosevelt,Where was Theodore Roosevelt born?,28 East 20th Street in the modern-day Gramercy section of New York City,where,Objective,Objective,1
Theodore_Roosevelt,What did Roosevelt do to improve his physical condition?,Roosevelt took up exercise,what,Objective,Descriptive,0
Theodore_Roosevelt,Why did Roosevelt start Boxing lessons?,To deal with bullies,why,Descriptive,Descriptive,1
Theodore_Roosevelt,What was the nickname of Theodore Roosevelt's sister Anna?,Bamie as a child and Bye as an adult,what,Objective,Objective,1
Theodore_Roosevelt,What was Roosevelt's justification for supporting desegregation of schools in New York?,Noting that his children had been educated with other races and there was nothing wrong with it,what,Objective,Descriptive,0
Theodore_Roosevelt,How did newspapers respond to Roosevelt inviting Brooker T. Washington to dinner at the White House?,mixing of the races on social occassions,how,Descriptive,Descriptive,1
Theodore_Roosevelt,Where was Theodore Roosevelt from?,Gramercy section of New York City,where,Objective,Objective,1
Theodore_Roosevelt,Who was Roosevelt's presidential hero?,Lincoln was Roosevelt's presidential hero.,who,Objective,Objective,1
Theodore_Roosevelt,When did Roosevelt die?,"On January 6, 1919, Roosevelt died in his sleep.",when,Objective,Objective,1
Theodore_Roosevelt,Who helped to fund Roosevelt's African safari?,Financed by Andrew Carnegie and his own proposed writings,who,Objective,Objective,1
turtle,What shape are the eggs of the larest species of turtle?,Spherical,what,Objective,Objective,1
turtle,How often do turtles breed?,Every few years or more,how,Descriptive,Objective,0
turtle,What do all turtles and tortoises breathe?,air,what,Objective,Objective,1
turtle,How do turtles reproduce?,They lay eggs,how,Descriptive,Descriptive,1
turtle,What has been discovered about turtles organs?,They do not gradually break down or become less efficient over time,what,Objective,Descriptive,0
turtle,What suborder of turtle draws its head into its shell?,Pleurodira,what,Objective,Objective,1
turtle,How many suborders are turtles divided into?,Three.,how,Objective,Objective,1
turtle,"If a turtle egg was kept warm, what would likely hatch?",A female turtle.,what,Objective,Objective,1
turtle,What do turles use to breathe in the water?,Papillae,what,Objective,Objective,1
turtle,Why are side-necked turtles called side-necked turtles?,Because of the way they withdraw their heads into their shells.,why,Descriptive,Descriptive,1
turtle,What suborder of turtles is extinct?,Paracryptodira,what,Objective,Objective,1
turtle,What do turtle eggs preared to eat consist mainly of?,Yolk,what,Objective,Objective,1
turtle,Where do sea turtles lay their eggs?,Holes Dug into the Mud or Sand,where,Objective,Objective,1
turtle,What is the smallest suborder of turtles?,Pleurodira,what,Objective,Objective,1
turtle,What are turtle eggs covered in when they incubate?,Mud or Sand,when,Objective,Objective,1
turtle,What type of creatures breathe air and don't lay eggs underwater?,Amniotes,what,Objective,Objective,1
turtle,What are deposited in holes dug into mud or sand?,eggs,what,Objective,Objective,1
turtle,What sort of turtles are ectothermic?,all of them,what,Objective,Objective,1
Ulysses_S._Grant,Who was Grant's brother in law?,Fred Dent,who,Objective,Objective,1
Ulysses_S._Grant,Where was Grant born?,"Point Pleasant, Ohio",where,Objective,Objective,1
Ulysses_S._Grant,What was Grant's political affiliation?,Republican,what,Objective,Objective,1
Ulysses_S._Grant,"Why did Grant say ""Damn, I had nothing to do with this batte.""?",It went well.,why,Descriptive,Descriptive,1
Ulysses_S._Grant,Why did Grant think that war was unjust?,He thought it was designed to gain land open to slavery.,why,Descriptive,Descriptive,1
Ulysses_S._Grant,Who achieved international fame as the leading Union general in the American Civil War?,Grant,who,Objective,Objective,1
Ulysses_S._Grant,Grant was elected president as a Republican in what year?,1868,what,Objective,Objective,1
Ulysses_S._Grant,Who took a hard line that reduced violence by groups like the Ku Klux Klan?,Grant,who,Objective,Objective,1
Ulysses_S._Grant,When did he vote for democrat james buchanan?,1856,when,Objective,Objective,1
Ulysses_S._Grant,"Who did President Lincoln promote of major general in the regular army, effective July 4?",Grant,who,Objective,Objective,1
Ulysses_S._Grant,What was from Pennsylvania?,His father,what,Objective,Objective,1
Ulysses_S._Grant,What happened in 1865?,he accepted the surrender of Robert E. Lee,what,Objective,Descriptive,0
Ulysses_S._Grant,What happened in recent years?,his reputation as president has improved,what,Objective,Descriptive,0
Uruguay,Who founded Montevideo?,The Spanish.,who,Objective,Objective,1
Uruguay,Where is Uruguay's oldest church?,"San Carlos, Maldonado.",where,Objective,Objective,1
Uruguay,Who heavily influenced the architecture and culture of Montevideo?,European immigrants.,who,Objective,Objective,1
Uruguay,What are poor neighborhoods called informally?,Cantegriles.,what,Objective,Objective,1
Uruguay,What religion do most Uruguayans profess?,None.,what,Objective,Objective,1
Uruguay,How many square kilometres of continental land is Uruguay?,176.215 km__,how,Objective,Objective,1
Uruguay,How much of the population is of white European descent?,88%,how,Objective,Objective,1
Uruguay,Why was the capital of Uruguay founded?,For a military stronghold.,why,Descriptive,Descriptive,1
Uruguay,How many times has Uruguay won the World Cup?,Twice.,how,Descriptive,Objective,0
Uruguay,How much is the average income of an African woman compared to a European man?,African women earns 0.65 * 0.718  = 46.67% of a European man earns in average,how,Objective,Objective,1
Uruguay,What does a citizen use to propose changes to the Constitution?,Referendum,what,Objective,Descriptive,0
Uruguay,What religions are found in Uruguay?,"Roman Catholic, Protestant, Jewish, and nonprofessing.",what,Objective,Objective,1
Uruguay,What has Uruguay done to be competitive in agriculture?,"Labeling as ""Natural"" or ""Ecological""",what,Objective,Descriptive,0
Uruguay,What are the names of Uruguay's political parties?,Partido Colorado and Partido Blanco,what,Objective,Objective,1
Uruguay,What was founded by the Spanish in the early 18th century as a military stronghold?,Montevideo,what,Objective,Objective,1
Uruguay,What has many possible meanings?,(What?),what,Objective,Objective,1
Uruguay,How do india and latin america relate?,Uruguay exports architectural services to India and Latin America,how,Descriptive,Descriptive,1
Uruguay,What did Uruguay win in 1828?,Its independence,what,Objective,Objective,1
Uruguay,"Is it a constitutional democracy , where the president fulfills the roles of both head of state and head of government?",Yes,where,Objective,Objective,1
Woodrow_Wilson,Where was the League of Nations created?,Paris,where,Objective,Objective,1
Woodrow_Wilson,When was Woodrow Wilson born?,"December 28, 1856",when,Objective,Objective,1
Woodrow_Wilson,Who was President when Wilson finished Congressional Government?,Grover Cleveland,who,Objective,Objective,1
Woodrow_Wilson,What field did Woodrow Wilson leave law practice to study?,history and political science,what,Objective,Objective,1
Woodrow_Wilson,What caused Wilson to ask Congress to declare war on the Central Powers?,German began unrestricted submarine warfare,what,Objective,Descriptive,0
Woodrow_Wilson,What was more damaging than moving students into colleges?,His confrontation with Andrew Fleming West,what,Objective,Objective,1
Woodrow_Wilson,Where is Wilson buried?,He was buried in Washington National Cathedral,where,Objective,Objective,1
Woodrow_Wilson,Where did Wilson attend law school?,Wilson attended law school at University of Virginia,where,Objective,Objective,1
Woodrow_Wilson,Where was Woodrow Wilson born?,"Woodrow Wilson was born in Staunton, Virginia",where,Objective,Objective,1
Woodrow_Wilson,What was Scots-Irish and Scottish?,His ancestry,what,Objective,Objective,1
Woodrow_Wilson,"What defended slavery, owned slaves and S08_set up a Sunday school for them?",His father,what,Objective,Objective,1
Woodrow_Wilson,Who did Wilson win in 1917?,Irish Americans,who,Objective,Objective,1
Woodrow_Wilson,What lived in Columbia?,Wilson,what,Objective,Objective,1
Woodrow_Wilson,What happened in 1917?,"raised billions through Liberty loans, imposed an income tax, S08_set up the War Industries Board, promoted labor union growth, supervised agriculture and food production through the Lever Act, took over control of the railroads, and suppressed anti-war movements",what,Objective,Descriptive,0